{
    "MSE": 43.98043257702038,
    "r2_score": 0.9605855256814488
}
