{
    "MSE": 43.83817521099366,
    "r2_score": 0.9606078215302559
}
