{
    "MSE": 43.838175210993676,
    "r2_score": 0.9606078215302559
}
