{
    "MSE": 40.83264841274481,
    "r2_score": 0.9549156958046179
}
